{"cameraMode":{"drawMode":0,"name":"Shaded","section":"Shading Mode"},"sceneLighting":true,"audioPlay":false,"sceneViewState":{"showFog":true,"showMaterialUpdate":true,"showSkybox":true,"showFlares":true,"showImageEffects":true,"showParticleSystems":true},"in2DMode":false,"pivot":{"x":-186.0940399169922,"y":-143.49583435058595,"z":467.9833068847656},"rotation":{"x":0.1397424340248108,"y":-0.18780991435050965,"z":0.02700352855026722,"w":0.971846878528595},"size":273.14837646484377,"orthographic":false}