{"cameraMode":{"drawMode":0,"name":"Shaded","section":"Shading Mode"},"sceneLighting":true,"audioPlay":false,"sceneViewState":{"showFog":true,"showMaterialUpdate":true,"showSkybox":true,"showFlares":true,"showImageEffects":true,"showParticleSystems":true},"in2DMode":false,"pivot":{"x":0.7119998931884766,"y":47.419002532958987,"z":9.277700424194336},"rotation":{"x":0.029163945466279985,"y":-0.9622901082038879,"z":0.24500568211078645,"w":0.1145448163151741},"size":0.8349927663803101,"orthographic":false}