{"cameraMode":{"drawMode":0,"name":"Shaded","section":"Shading Mode"},"sceneLighting":true,"audioPlay":false,"sceneViewState":{"showFog":true,"showMaterialUpdate":true,"showSkybox":true,"showFlares":true,"showImageEffects":true,"showParticleSystems":true},"in2DMode":false,"pivot":{"x":-0.8076103925704956,"y":12.25060749053955,"z":-2.1314849853515627},"rotation":{"x":-0.01768413372337818,"y":-0.021316932514309884,"z":-0.00040854321559891105,"w":0.9996358156204224},"size":11.748309135437012,"orthographic":false}