{"cameraMode":{"drawMode":0,"name":"Shaded","section":"Shading Mode"},"sceneLighting":true,"audioPlay":false,"sceneViewState":{"showFog":true,"showMaterialUpdate":true,"showSkybox":true,"showFlares":true,"showImageEffects":true,"showParticleSystems":true},"in2DMode":false,"pivot":{"x":-3.634028434753418,"y":29.08333969116211,"z":4.117702484130859},"rotation":{"x":0.3001788258552551,"y":0.15815792977809907,"z":-0.050554078072309497,"w":0.9393370151519775},"size":8.782917022705079,"orthographic":false}