{"cameraMode":{"drawMode":0,"name":"Shaded","section":"Shading Mode"},"sceneLighting":true,"audioPlay":false,"sceneViewState":{"showFog":true,"showMaterialUpdate":true,"showSkybox":true,"showFlares":true,"showImageEffects":true,"showParticleSystems":true},"in2DMode":false,"pivot":{"x":10.616398811340332,"y":-25.785932540893556,"z":63.451194763183597},"rotation":{"x":-0.2209399938583374,"y":-0.09288328886032105,"z":0.021149661391973497,"w":-0.9706414341926575},"size":32.55003356933594,"orthographic":false}