{"cameraMode":{"drawMode":0,"name":"Shaded","section":"Shading Mode"},"sceneLighting":true,"audioPlay":false,"sceneViewState":{"showFog":true,"showMaterialUpdate":true,"showSkybox":true,"showFlares":true,"showImageEffects":true,"showParticleSystems":true},"in2DMode":false,"pivot":{"x":-7.510107517242432,"y":33.824951171875,"z":-2.797457695007324},"rotation":{"x":-0.3649292290210724,"y":0.033545803278684619,"z":-0.013162128627300263,"w":-0.9303410649299622},"size":5.176879405975342,"orthographic":false}