{"cameraMode":{"drawMode":0,"name":"Shaded","section":"Shading Mode"},"sceneLighting":true,"audioPlay":false,"sceneViewState":{"showFog":true,"showMaterialUpdate":true,"showSkybox":true,"showFlares":true,"showImageEffects":true,"showParticleSystems":true},"in2DMode":false,"pivot":{"x":-6.836429595947266,"y":38.33269119262695,"z":-21.13449478149414},"rotation":{"x":0.029163945466279985,"y":-0.9622901082038879,"z":0.24500568211078645,"w":0.1145448163151741},"size":20.294410705566408,"orthographic":false}