{"cameraMode":{"drawMode":0,"name":"Shaded","section":"Shading Mode"},"sceneLighting":true,"audioPlay":false,"sceneViewState":{"showFog":true,"showMaterialUpdate":true,"showSkybox":true,"showFlares":true,"showImageEffects":true,"showParticleSystems":true},"in2DMode":false,"pivot":{"x":6.241209983825684,"y":16.580312728881837,"z":-6.8962860107421879},"rotation":{"x":0.30220359563827517,"y":0.14620235562324525,"z":-0.04699951410293579,"w":0.9408125877380371},"size":22.762609481811525,"orthographic":false}