{"cameraMode":{"drawMode":0,"name":"Shaded","section":"Shading Mode"},"sceneLighting":true,"audioPlay":false,"sceneViewState":{"showFog":true,"showMaterialUpdate":true,"showSkybox":true,"showFlares":true,"showImageEffects":true,"showParticleSystems":true},"in2DMode":false,"pivot":{"x":-77.64338684082031,"y":448.6715393066406,"z":1252.127685546875},"rotation":{"x":-0.018268505111336709,"y":-0.06819130480289459,"z":0.0012663237284868956,"w":-0.9975298643112183},"size":251.18869018554688,"orthographic":false}