{"cameraMode":{"drawMode":0,"name":"Shaded","section":"Shading Mode"},"sceneLighting":true,"audioPlay":false,"sceneViewState":{"showFog":true,"showMaterialUpdate":true,"showSkybox":true,"showFlares":true,"showImageEffects":true,"showParticleSystems":true},"in2DMode":false,"pivot":{"x":1.290652871131897,"y":2.6138980388641359,"z":-4.458381652832031},"rotation":{"x":-0.1754002869129181,"y":0.10374856740236283,"z":-0.018590595573186876,"w":-0.9788442850112915},"size":1.4660253524780274,"orthographic":false}