{"cameraMode":{"drawMode":0,"name":"Shaded","section":"Shading Mode"},"sceneLighting":true,"audioPlay":false,"sceneViewState":{"showFog":true,"showMaterialUpdate":true,"showSkybox":true,"showFlares":true,"showImageEffects":true,"showParticleSystems":true},"in2DMode":false,"pivot":{"x":-4.792475700378418,"y":34.006256103515628,"z":-22.019733428955079},"rotation":{"x":-0.009685074910521508,"y":0.9772123694419861,"z":-0.20707064867019654,"w":-0.045721475034952167},"size":11.32319450378418,"orthographic":false}