{"cameraMode":{"drawMode":0,"name":"Shaded","section":"Shading Mode"},"sceneLighting":true,"audioPlay":false,"sceneViewState":{"showFog":true,"showMaterialUpdate":true,"showSkybox":true,"showFlares":true,"showImageEffects":true,"showParticleSystems":true},"in2DMode":false,"pivot":{"x":638.694580078125,"y":-465.8529052734375,"z":712.5377197265625},"rotation":{"x":-0.31995484232902529,"y":-0.2727290689945221,"z":0.09673930704593659,"w":-0.9021836519241333},"size":1075.0247802734375,"orthographic":false}