{"cameraMode":{"drawMode":0,"name":"Shaded","section":"Shading Mode"},"sceneLighting":true,"audioPlay":false,"sceneViewState":{"showFog":true,"showMaterialUpdate":true,"showSkybox":true,"showFlares":true,"showImageEffects":true,"showParticleSystems":true},"in2DMode":false,"pivot":{"x":2.0993707180023195,"y":-3.7366549968719484,"z":24.373083114624025},"rotation":{"x":-0.1372818648815155,"y":-0.09139127284288407,"z":0.01272830180823803,"w":-0.9862363338470459},"size":7.083945274353027,"orthographic":false}