{"cameraMode":{"drawMode":0,"name":"Shaded","section":"Shading Mode"},"sceneLighting":true,"audioPlay":false,"sceneViewState":{"showFog":true,"showMaterialUpdate":true,"showSkybox":true,"showFlares":true,"showImageEffects":true,"showParticleSystems":true},"in2DMode":false,"pivot":{"x":-92.94629669189453,"y":-23.360565185546876,"z":8.311349868774414},"rotation":{"x":-0.14842970669269563,"y":0.6676898002624512,"z":-0.13833500444889069,"w":-0.716309130191803},"size":55.13016128540039,"orthographic":false}