{"cameraMode":{"drawMode":0,"name":"Shaded","section":"Shading Mode"},"sceneLighting":true,"audioPlay":false,"sceneViewState":{"showFog":true,"showMaterialUpdate":true,"showSkybox":true,"showFlares":true,"showImageEffects":true,"showParticleSystems":true},"in2DMode":false,"pivot":{"x":26.044071197509767,"y":-10.736919403076172,"z":17.192182540893556},"rotation":{"x":-0.1467895209789276,"y":-0.48837295174598696,"z":0.08374223858118057,"w":-0.8561286926269531},"size":22.809844970703126,"orthographic":false}