{"cameraMode":{"drawMode":0,"name":"Shaded","section":"Shading Mode"},"sceneLighting":true,"audioPlay":false,"sceneViewState":{"showFog":true,"showMaterialUpdate":true,"showSkybox":true,"showFlares":true,"showImageEffects":true,"showParticleSystems":true},"in2DMode":false,"pivot":{"x":21.545434951782228,"y":50.12981414794922,"z":-6.679033279418945},"rotation":{"x":-0.08446904271841049,"y":-0.9070666432380676,"z":0.21938955783843995,"w":-0.34923627972602847},"size":4.734992980957031,"orthographic":false}