{"cameraMode":{"drawMode":0,"name":"Shaded","section":"Shading Mode"},"sceneLighting":true,"audioPlay":false,"sceneViewState":{"showFog":true,"showMaterialUpdate":true,"showSkybox":true,"showFlares":true,"showImageEffects":true,"showParticleSystems":true},"in2DMode":false,"pivot":{"x":-17.280641555786134,"y":-9.28671646118164,"z":15.01773738861084},"rotation":{"x":0.14881335198879243,"y":-0.5732784867286682,"z":0.1068306639790535,"w":0.798759937286377},"size":23.26846694946289,"orthographic":false}